{
  "models": {
    "global": {
      "model_type": "logistic",
      "payload": {
        "mean": [
          0.42105263157894735,
          0.5,
          -1.4542484789961403,
          8.512176721915809,
          0.0,
          5.489075873912152,
          0.18483871299752555,
          5.374409797013552,
          1.1448142317192405,
          0.0010000000000000005,
          0.42063157894736836,
          0.42163157894736847,
          0.4447368421052631,
          0.0,
          0.0,
          0.0,
          0.0,
          1.0,
          1.0,
          0.0,
          1.0,
          1.0,
          0.0,
          0.0,
          53.78947368421053,
          1335.0,
          0.0,
          0.0,
          0.0,
          0.0,
          0.0,
          0.0,
          0.0,
          0.0,
          -0.012708893089940793,
          0.08014230371029692,
          -0.052522488487621526,
          0.045997463892651344,
          0.22693008718667076,
          -0.04497893545626678,
          -0.24285805374467848,
          -0.0383947408713493,
          0.15903231706457752,
          0.0018817155309019979,
          0.06941819041709729,
          -0.04002624986556014,
          0.07767192690288194,
          -0.039978221122566326,
          0.0959106276667511,
          -0.02302897554149924,
          0.06486651121172536,
          -0.3412181742488762,
          -0.004814467675812809,
          -0.18008597594872033,
          -0.022172243620729747,
          0.008616529334577086,
          0.02129083922841834,
          -0.05933700372449436,
          -0.1911144671703006,
          -0.3218953389351874,
          -0.08144221789915107,
          -0.02481713628830563,
          0.2449589187765325,
          0.19816531234111637,
          -0.223873280586285,
          0.023274029488431724
        ],
        "scale": [
          0.4937279747182558,
          1.0,
          9.094706646110676,
          2.3058492367190073,
          1.0,
          0.6665463851715898,
          0.42686672282314153,
          0.7843077583168374,
          0.25432648332249114,
          1.0,
          0.49323424674353744,
          0.49323424674353744,
          0.47446278120409235,
          1.0,
          1.0,
          1.0,
          1.0,
          1.0,
          1.0,
          1.0,
          1.0,
          1.0,
          1.0,
          1.0,
          16.741310227818023,
          520.001315787809,
          1.0,
          1.0,
          1.0,
          1.0,
          1.0,
          1.0,
          1.0,
          1.0,
          0.07668516063301717,
          0.08324069974990816,
          0.09128372102517895,
          0.03327035005904393,
          0.12453995298452324,
          0.09181891249403581,
          0.07817518320423587,
          0.12394634461027422,
          0.1957697147676809,
          0.0784831405976209,
          0.1320380678644346,
          0.1576785571705073,
          0.14860482538104194,
          0.09322144383205885,
          0.0883137613956986,
          0.06497676934793707,
          0.0946251195139696,
          0.147758598175078,
          0.08482638490642316,
          0.09127973477962265,
          0.05774756685629417,
          0.09538448941605217,
          0.14592631115951263,
          0.05655722276731872,
          0.1119919019431757,
          0.18819775291306287,
          0.13216823271139463,
          0.07953568641097888,
          0.07819811082240231,
          0.052355824914423296,
          0.06455748604565635,
          0.07261895055071897
        ],
        "weights": [
          0.8129801075431562,
          0.0,
          0.8129801075431562,
          0.07574074438369087,
          0.0,
          0.14552105302056134,
          0.01126170454034906,
          0.1575049769932753,
          -0.14219839891584812,
          1.2225299962555234e-19,
          0.8129801075431562,
          0.8129801075431562,
          0.7971005858187546,
          0.0,
          0.0,
          0.0,
          0.0,
          0.0,
          0.0,
          0.0,
          0.0,
          0.0,
          0.0,
          0.0,
          -0.04064167965668381,
          0.28119699280812177,
          0.0,
          0.0,
          0.0,
          0.0,
          0.0,
          0.0,
          0.0,
          0.0,
          -0.06538467070251346,
          -0.12946581262959503,
          -0.17742244763886322,
          0.04862373779981015,
          0.03724578383196402,
          0.0969433036593329,
          0.08682257461024902,
          -0.12639790245603622,
          0.18094909085369015,
          0.40033171643090926,
          0.0031644334901565897,
          0.19197639730627516,
          0.030075016583399245,
          0.33769073343098643,
          -0.07880974443277027,
          0.06848644810740434,
          0.05510507278458894,
          -0.036570461480490375,
          0.0851290325122909,
          0.007754816251002683,
          0.022675132876356575,
          -0.008945052031798403,
          0.018497722548906675,
          -0.039396086302982296,
          -0.006163383826191513,
          -0.12510438345366146,
          0.16269826023974224,
          0.12792296684808485,
          -0.17916920477204196,
          -0.14256526086534987,
          -0.02265540772860214,
          0.1451947983192032
        ],
        "bias": -0.32379243893859516
      },
      "calibrator": {
        "slope": 1.0,
        "bias": 0.0
      }
    }
  },
  "category_train_rows": {},
  "feature_count": 66,
  "model_type": "logistic",
  "min_category_samples": 40
}